file_name,width,height,face_id,bbox_x,bbox_y,bbox_w,bbox_h,bbox_x_center_norm,bbox_y_center_norm,bbox_w_norm,bbox_h_norm,area,source
sc05_var01.png,2816,1536,114,1591,135,160,152,0.593395,0.13737,0.056818,0.098958,16546,generated
sc05_var03.png,2816,1536,115,1728,194,174,130,0.644531,0.16862,0.06179,0.084635,14505,generated
sc05_var03.png,2816,1536,116,1384,0,176,148,0.522727,0.048177,0.0625,0.096354,21230,generated
sc05_var04.png,2390,1792,117,980,369,377,436,0.488912,0.327567,0.157741,0.243304,99038,generated
IMG_3330.jpg,1268,951,12,657,122,39,69,0.533517,0.164564,0.030757,0.072555,2196,real
IMG_3330.jpg,1268,951,13,892,94,73,68,0.732256,0.134595,0.057571,0.071504,3377,real
IMG_3351 (1).jpg,1268,951,,,,,,,,,,,real
WhatsApp Image 2026-06-14 at 16.25.2.jpeg,1280,960,87,782,507,61,68,0.634766,0.563542,0.047656,0.070833,3289,real
WhatsApp Image 2026-06-14 at 16.25.2.jpeg,1280,960,88,405,525,47,55,0.334766,0.575521,0.036719,0.057292,1377,real
WhatsApp Image 2026-06-14 at 16.25.2.jpeg,1280,960,89,765,553,14,16,0.603125,0.584375,0.010937,0.016667,174,real
WhatsApp Image 2026-06-17 at 21.54.16.jpeg,2560,1396,105,1199,68,125,171,0.492773,0.109957,0.048828,0.122493,14285,real
sc05_var05.png,2390,1792,118,1027,323,357,394,0.504393,0.290179,0.149372,0.219866,74217,generated
WhatsApp Image 2026-06-14 at 16.09.56.jpeg,1280,960,77,709,385,47,45,0.572266,0.424479,0.036719,0.046875,1461,real
WhatsApp Image 2026-06-14 at 16.09.56.jpeg,1280,960,78,787,314,58,48,0.6375,0.352083,0.045312,0.05,1659,real
WhatsApp Image 2026-06-14 at 16.09.56.jpeg,1280,960,79,404,65,65,88,0.341016,0.113542,0.050781,0.091667,3685,real
WhatsApp Image 2026-06-14 at 16.09.46.jpeg,1280,960,69,460,65,67,78,0.385547,0.108333,0.052344,0.08125,3726,real
WhatsApp Image 2026-06-14 at 16.09.46.jpeg,1280,960,70,730,192,76,70,0.6,0.236458,0.059375,0.072917,3573,real
WhatsApp Image 2026-06-14 at 16.10.33.jpeg,1600,1200,85,697,243,59,73,0.454062,0.232917,0.036875,0.060833,3243,real
WhatsApp Image 2026-06-14 at 16.10.33.jpeg,1600,1200,86,924,297,50,27,0.593125,0.25875,0.03125,0.0225,906,real
